,D##LENGTH##MILLIMETERS,LG##LENGTH##MILLIMETERS,l##LENGTH##MILLIMETERS
M3 x ]0[,3,0,6
M3 x ]2[,3,2,8
M3 x ]4[,3,4,10
M3 x ]6[,3,6,12
M3 x ]8[,3,8,16
M3 x ]10[,3,10,16
M3 x ]12[,3,12,18
M3 x ]14[,3,14,20
M3 x ]16[,3,16,22
M3 x ]18[,3,18,25
M3 x ]20[,3,20,30
M3 x ]22[,3,22,30
M3 x ]25[,3,25,35
M3 x ]30[,3,30,40
M3 x ]35[,3,35,50
M3 x ]40[,3,40,50
M3 x ]45[,3,45,60
M3 x ]50[,3,50,60
M4 x ]0[,4,0,8
M4 x ]2[,4,2,10
M4 x ]4[,4,4,12
M4 x ]6[,4,6,14
M4 x ]8[,4,8,16
M4 x ]10[,4,10,18
M4 x ]12[,4,12,20
M4 x ]14[,4,14,22
M4 x ]16[,4,16,25
M4 x ]18[,4,18,30
M4 x ]20[,4,20,30
M4 x ]22[,4,22,30
M4 x ]25[,4,25,35
M4 x ]30[,4,30,40
M4 x ]35[,4,35,45
M4 x ]40[,4,40,50
M4 x ]45[,4,45,55
M4 x ]50[,4,50,60
M4 x ]55[,4,55,65
M4 x ]60[,4,60,70
M4 x ]65[,4,65,75
M4 x ]70[,4,70,80
M5 x ]0[,5,0,10
M5 x ]2[,5,2,12
M5 x ]4[,5,4,14
M5 x ]6[,5,6,16
M5 x ]8[,5,8,18
M5 x ]10[,5,10,20
M5 x ]12[,5,12,22
M5 x ]14[,5,14,25
M5 x ]16[,5,16,30
M5 x ]18[,5,18,30
M5 x ]20[,5,20,30
M5 x ]22[,5,22,35
M5 x ]25[,5,25,35
M5 x ]30[,5,30,40
M5 x ]35[,5,35,45
M5 x ]40[,5,40,50
M5 x ]45[,5,45,55
M5 x ]50[,5,50,60
M5 x ]55[,5,55,65
M5 x ]60[,5,60,70
M5 x ]65[,5,65,80
M5 x ]70[,5,70,80
M5 x ]75[,5,75,90
M5 x ]80[,5,80,90
M5 x ]85[,5,85,100
M5 x ]90[,5,90,100
M6 x ]0[,6,0,12
M6 x ]2[,6,2,14
M6 x ]4[,6,4,16
M6 x ]6[,6,6,18
M6 x ]8[,6,8,20
M6 x ]10[,6,10,22
M6 x ]12[,6,12,25
M6 x ]14[,6,14,28
M6 x ]16[,6,16,28
M6 x ]18[,6,18,30
M6 x ]20[,6,20,35
M6 x ]22[,6,22,35
M6 x ]25[,6,25,40
M6 x ]30[,6,30,45
M6 x ]35[,6,35,50
M6 x ]40[,6,40,55
M6 x ]45[,6,45,60
M6 x ]50[,6,50,65
M6 x ]55[,6,55,70
M6 x ]60[,6,60,75
M6 x ]65[,6,65,80
M6 x ]70[,6,70,85
M6 x ]75[,6,75,90
M6 x ]80[,6,80,100
M6 x ]85[,6,85,100
M6 x ]90[,6,90,110
M6 x ]95[,6,95,110
M6 x ]100[,6,100,120
M6 x ]110[,6,110,130
M6 x ]120[,6,120,140
M6 x ]130[,6,130,150
M8 x ]0[,8,0,16
M8 x ]2[,8,2,18
M8 x ]4[,8,4,20
M8 x ]6[,8,6,22
M8 x ]8[,8,8,25
M8 x ]10[,8,10,25
M8 x ]12[,8,12,30
M8 x ]14[,8,14,30
M8 x ]16[,8,16,35
M8 x ]18[,8,18,35
M8 x ]20[,8,20,35
M8 x ]22[,8,22,40
M8 x ]25[,8,25,40
M8 x ]30[,8,30,45
M8 x ]35[,8,35,50
M8 x ]40[,8,40,55
M8 x ]45[,8,45,60
M8 x ]50[,8,50,65
M8 x ]55[,8,55,70
M8 x ]60[,8,60,75
M8 x ]65[,8,65,80
M8 x ]70[,8,70,85
M8 x ]75[,8,75,90
M8 x ]80[,8,80,95
M8 x ]85[,8,85,100
M8 x ]90[,8,90,110
M8 x ]95[,8,95,110
M8 x ]100[,8,100,120
M8 x ]110[,8,110,130
M8 x ]120[,8,120,140
M8 x ]130[,8,130,150
M8 x ]140[,8,140,160
M8 x ]150[,8,150,170
M8 x ]160[,8,160,180
M8 x ]170[,8,170,190
M8 x ]180[,8,180,200
M10 x ]0[,10,0,18
M10 x ]2[,10,2,20
M10 x ]4[,10,4,22
M10 x ]6[,10,6,25
M10 x ]8[,10,8,25
M10 x ]10[,10,10,28
M10 x ]12[,10,12,30
M10 x ]14[,10,14,35
M10 x ]16[,10,16,35
M10 x ]18[,10,18,35
M10 x ]20[,10,20,40
M10 x ]22[,10,22,40
M10 x ]25[,10,25,45
M10 x ]30[,10,30,50
M10 x ]35[,10,35,55
M10 x ]40[,10,40,60
M10 x ]45[,10,45,65
M10 x ]50[,10,50,70
M10 x ]55[,10,55,75
M10 x ]60[,10,60,80
M10 x ]65[,10,65,85
M10 x ]70[,10,70,90
M10 x ]75[,10,75,100
M10 x ]80[,10,80,100
M10 x ]85[,10,85,110
M10 x ]90[,10,90,110
M10 x ]95[,10,95,120
M10 x ]100[,10,100,120
M10 x ]110[,10,110,130
M10 x ]120[,10,120,140
M10 x ]130[,10,130,150
M10 x ]140[,10,140,160
M10 x ]150[,10,150,170
M10 x ]160[,10,160,180
M10 x ]170[,10,170,190
M10 x ]180[,10,180,200
M10 x ]190[,10,190,220
M10 x ]200[,10,200,220
M10 x ]210[,10,210,240
M10 x ]220[,10,220,240
M10 x ]230[,10,230,280
M10 x ]240[,10,240,280
M10 x ]250[,10,250,280
M10 x ]260[,10,260,280
M10 x ]270[,10,270,300
M10 x ]280[,10,280,300
M12 x ]0[,12,0,22
M12 x ]2[,12,2,25
M12 x ]4[,12,4,28
M12 x ]6[,12,6,28
M12 x ]8[,12,8,30
M12 x ]10[,12,10,35
M12 x ]12[,12,12,35
M12 x ]14[,12,14,40
M12 x ]16[,12,16,40
M12 x ]18[,12,18,40
M12 x ]20[,12,20,45
M12 x ]22[,12,22,45
M12 x ]25[,12,25,50
M12 x ]30[,12,30,55
M12 x ]35[,12,35,60
M12 x ]40[,12,40,65
M12 x ]45[,12,45,70
M12 x ]50[,12,50,75
M12 x ]55[,12,55,80
M12 x ]60[,12,60,85
M12 x ]65[,12,65,90
M12 x ]70[,12,70,100
M12 x ]75[,12,75,100
M12 x ]80[,12,80,110
M12 x ]85[,12,85,110
M12 x ]90[,12,90,120
M12 x ]95[,12,95,120
M12 x ]100[,12,100,130
M12 x ]110[,12,110,140
M12 x ]120[,12,120,150
M12 x ]130[,12,130,160
M12 x ]140[,12,140,170
M12 x ]150[,12,150,180
M12 x ]160[,12,160,190
M12 x ]170[,12,170,200
M12 x ]180[,12,180,220
M12 x ]190[,12,190,220
M12 x ]200[,12,200,240
M12 x ]210[,12,210,240
M12 x ]220[,12,220,300
M12 x ]230[,12,230,300
M12 x ]240[,12,240,300
M12 x ]250[,12,250,300
M12 x ]260[,12,260,300
M12 x ]270[,12,270,300
M14 x ]0[,14,0,25
M14 x ]2[,14,2,30
M14 x ]4[,14,4,30
M14 x ]6[,14,6,30
M14 x ]8[,14,8,35
M14 x ]10[,14,10,35
M14 x ]12[,14,12,40
M14 x ]14[,14,14,40
M14 x ]16[,14,16,40
M14 x ]18[,14,18,45
M14 x ]20[,14,20,45
M14 x ]22[,14,22,50
M14 x ]25[,14,25,50
M14 x ]30[,14,30,55
M14 x ]35[,14,35,60
M14 x ]40[,14,40,65
M14 x ]45[,14,45,70
M14 x ]50[,14,50,75
M14 x ]55[,14,55,80
M14 x ]60[,14,60,90
M14 x ]65[,14,65,90
M14 x ]70[,14,70,100
M14 x ]75[,14,75,100
M14 x ]80[,14,80,110
M14 x ]85[,14,85,110
M14 x ]90[,14,90,120
M14 x ]95[,14,95,120
M14 x ]100[,14,100,130
M14 x ]110[,14,110,140
M14 x ]120[,14,120,150
M14 x ]130[,14,130,160
M14 x ]140[,14,140,170
M14 x ]150[,14,150,180
M14 x ]160[,14,160,200
M14 x ]170[,14,170,200
M14 x ]180[,14,180,220
M14 x ]190[,14,190,220
M16 x ]0[,16,0,30
M16 x ]2[,16,2,30
M16 x ]4[,16,4,35
M16 x ]6[,16,6,35
M16 x ]8[,16,8,35
M16 x ]10[,16,10,40
M16 x ]12[,16,12,40
M16 x ]14[,16,14,45
M16 x ]16[,16,16,45
M16 x ]18[,16,18,45
M16 x ]20[,16,20,50
M16 x ]22[,16,22,50
M16 x ]25[,16,25,55
M16 x ]30[,16,30,60
M16 x ]35[,16,35,65
M16 x ]40[,16,40,70
M16 x ]45[,16,45,75
M16 x ]50[,16,50,80
M16 x ]55[,16,55,85
M16 x ]60[,16,60,90
M16 x ]65[,16,65,95
M16 x ]70[,16,70,100
M16 x ]75[,16,75,110
M16 x ]80[,16,80,110
M16 x ]85[,16,85,120
M16 x ]90[,16,90,120
M16 x ]95[,16,95,130
M16 x ]100[,16,100,130
M16 x ]110[,16,110,140
M16 x ]120[,16,120,150
M16 x ]130[,16,130,160
M16 x ]140[,16,140,170
M16 x ]150[,16,150,180
M16 x ]160[,16,160,190
M16 x ]170[,16,170,200
M16 x ]180[,16,180,210
M16 x ]190[,16,190,220
M16 x ]200[,16,200,230
M16 x ]210[,16,210,240
M16 x ]220[,16,220,250
M16 x ]230[,16,230,260
M16 x ]240[,16,240,280
M16 x ]250[,16,250,280
M16 x ]260[,16,260,300
M16 x ]270[,16,270,300
M16 x ]280[,16,280,320
M16 x ]290[,16,290,320
M16 x ]300[,16,300,340
M16 x ]310[,16,310,340
M16 x ]320[,16,320,400
M16 x ]330[,16,330,400
M16 x ]340[,16,340,400
M16 x ]350[,16,350,400
M16 x ]360[,16,360,400
M16 x ]370[,16,370,400
M16 x ]380[,16,380,500
M16 x ]390[,16,390,500
M16 x ]400[,16,400,500
M16 x ]410[,16,410,500
M16 x ]420[,16,420,500
M16 x ]430[,16,430,500
M16 x ]440[,16,440,500
M16 x ]450[,16,450,500
M16 x ]460[,16,460,500
M16 x ]470[,16,470,500
M18 x ]0[,18,0,30
M18 x ]2[,18,2,35
M18 x ]4[,18,4,35
M18 x ]6[,18,6,40
M18 x ]8[,18,8,40
M18 x ]10[,18,10,40
M18 x ]12[,18,12,45
M18 x ]14[,18,14,45
M18 x ]16[,18,16,50
M18 x ]18[,18,18,50
M18 x ]20[,18,20,50
M18 x ]22[,18,22,55
M18 x ]25[,18,25,55
M18 x ]30[,18,30,60
M18 x ]35[,18,35,65
M18 x ]40[,18,40,70
M18 x ]45[,18,45,75
M18 x ]50[,18,50,80
M18 x ]55[,18,55,85
M18 x ]60[,18,60,90
M18 x ]65[,18,65,100
M18 x ]70[,18,70,100
M18 x ]75[,18,75,110
M18 x ]80[,18,80,110
M18 x ]85[,18,85,120
M18 x ]90[,18,90,120
M18 x ]95[,18,95,130
M18 x ]100[,18,100,130
M18 x ]110[,18,110,140
M18 x ]120[,18,120,150
M18 x ]130[,18,130,160
M18 x ]140[,18,140,170
M18 x ]150[,18,150,180
M18 x ]160[,18,160,190
M18 x ]170[,18,170,200
M20 x ]0[,20,0,35
M20 x ]2[,20,2,35
M20 x ]4[,20,4,40
M20 x ]6[,20,6,40
M20 x ]8[,20,8,40
M20 x ]10[,20,10,45
M20 x ]12[,20,12,45
M20 x ]14[,20,14,50
M20 x ]16[,20,16,50
M20 x ]18[,20,18,50
M20 x ]20[,20,20,55
M20 x ]22[,20,22,55
M20 x ]25[,20,25,60
M20 x ]30[,20,30,65
M20 x ]35[,20,35,70
M20 x ]40[,20,40,75
M20 x ]45[,20,45,80
M20 x ]50[,20,50,85
M20 x ]55[,20,55,90
M20 x ]60[,20,60,100
M20 x ]65[,20,65,100
M20 x ]70[,20,70,110
M20 x ]75[,20,75,110
M20 x ]80[,20,80,120
M20 x ]85[,20,85,120
M20 x ]90[,20,90,130
M20 x ]95[,20,95,130
M20 x ]100[,20,100,140
M20 x ]110[,20,110,150
M20 x ]120[,20,120,160
M20 x ]130[,20,130,170
M20 x ]140[,20,140,180
M20 x ]150[,20,150,190
M20 x ]160[,20,160,200
M20 x ]170[,20,170,210
M20 x ]180[,20,180,220
M20 x ]190[,20,190,230
M20 x ]200[,20,200,240
M20 x ]210[,20,210,250
M20 x ]220[,20,220,260
M20 x ]230[,20,230,280
M20 x ]240[,20,240,280
M20 x ]250[,20,250,300
M20 x ]260[,20,260,300
M20 x ]270[,20,270,360
M20 x ]280[,20,280,360
M20 x ]290[,20,290,360
M20 x ]300[,20,300,360
M20 x ]310[,20,310,360
M20 x ]320[,20,320,360
M22 x ]0[,22,0,35
M22 x ]2[,22,2,40
M22 x ]4[,22,4,40
M22 x ]6[,22,6,45
M22 x ]8[,22,8,45
M22 x ]10[,22,10,45
M22 x ]12[,22,12,50
M22 x ]14[,22,14,50
M22 x ]16[,22,16,55
M22 x ]18[,22,18,55
M22 x ]20[,22,20,55
M22 x ]22[,22,22,60
M22 x ]25[,22,25,60
M22 x ]30[,22,30,65
M22 x ]35[,22,35,70
M22 x ]40[,22,40,75
M22 x ]45[,22,45,80
M22 x ]50[,22,50,90
M22 x ]55[,22,55,90
M22 x ]60[,22,60,100
M22 x ]65[,22,65,100
M22 x ]70[,22,70,110
M22 x ]75[,22,75,110
M22 x ]80[,22,80,120
M22 x ]85[,22,85,120
M22 x ]90[,22,90,130
M22 x ]95[,22,95,130
M22 x ]100[,22,100,140
M22 x ]110[,22,110,150
M22 x ]120[,22,120,160
M22 x ]130[,22,130,170
M22 x ]140[,22,140,180
M22 x ]150[,22,150,190
M22 x ]160[,22,160,200
M24 x ]0[,24,0,40
M24 x ]2[,24,2,45
M24 x ]4[,24,4,45
M24 x ]6[,24,6,45
M24 x ]8[,24,8,50
M24 x ]10[,24,10,50
M24 x ]12[,24,12,55
M24 x ]14[,24,14,55
M24 x ]16[,24,16,55
M24 x ]18[,24,18,60
M24 x ]20[,24,20,60
M24 x ]22[,24,22,65
M24 x ]25[,24,25,65
M24 x ]30[,24,30,70
M24 x ]35[,24,35,75
M24 x ]40[,24,40,80
M24 x ]45[,24,45,85
M24 x ]50[,24,50,90
M24 x ]55[,24,55,100
M24 x ]60[,24,60,100
M24 x ]65[,24,65,110
M24 x ]70[,24,70,110
M24 x ]75[,24,75,120
M24 x ]80[,24,80,120
M24 x ]85[,24,85,130
M24 x ]90[,24,90,130
M24 x ]95[,24,95,140
M24 x ]100[,24,100,140
M24 x ]110[,24,110,150
M24 x ]120[,24,120,160
M24 x ]130[,24,130,170
M24 x ]140[,24,140,180
M24 x ]150[,24,150,190
M24 x ]160[,24,160,200
M24 x ]170[,24,170,210
M24 x ]180[,24,180,220
M24 x ]190[,24,190,230
M24 x ]200[,24,200,240
M24 x ]210[,24,210,250
M24 x ]220[,24,220,260
M24 x ]230[,24,230,280
M24 x ]240[,24,240,280
M24 x ]250[,24,250,300
M24 x ]260[,24,260,300
M24 x ]270[,24,270,320
M24 x ]280[,24,280,320
M24 x ]290[,24,290,500
M24 x ]300[,24,300,500
M24 x ]310[,24,310,500
M24 x ]320[,24,320,500
M24 x ]330[,24,330,500
M24 x ]340[,24,340,500
M24 x ]350[,24,350,500
M24 x ]360[,24,360,500
M24 x ]370[,24,370,500
M24 x ]380[,24,380,500
M24 x ]390[,24,390,500
M24 x ]400[,24,400,500
M24 x ]410[,24,410,500
M24 x ]420[,24,420,500
M24 x ]430[,24,430,500
M24 x ]440[,24,440,500
M24 x ]450[,24,450,500
M24 x ]460[,24,460,500
M27 x ]0[,27,0,45
M27 x ]2[,27,2,45
M27 x ]4[,27,4,50
M27 x ]6[,27,6,50
M27 x ]8[,27,8,55
M27 x ]10[,27,10,55
M27 x ]12[,27,12,55
M27 x ]14[,27,14,60
M27 x ]16[,27,16,60
M27 x ]18[,27,18,65
M27 x ]20[,27,20,65
M27 x ]22[,27,22,65
M27 x ]25[,27,25,70
M27 x ]30[,27,30,75
M27 x ]35[,27,35,80
M27 x ]40[,27,40,85
M27 x ]45[,27,45,90
M27 x ]50[,27,50,100
M27 x ]55[,27,55,100
M27 x ]60[,27,60,110
M27 x ]65[,27,65,110
M27 x ]70[,27,70,120
M27 x ]75[,27,75,120
M27 x ]80[,27,80,130
M27 x ]85[,27,85,130
M27 x ]90[,27,90,140
M27 x ]95[,27,95,140
M27 x ]100[,27,100,150
M27 x ]110[,27,110,160
M27 x ]120[,27,120,170
M27 x ]130[,27,130,180
M27 x ]140[,27,140,190
M27 x ]150[,27,150,200
M27 x ]160[,27,160,300
M27 x ]170[,27,170,300
M27 x ]180[,27,180,300
M27 x ]190[,27,190,300
M27 x ]200[,27,200,300
M27 x ]210[,27,210,300
M27 x ]220[,27,220,300
M27 x ]230[,27,230,300
M27 x ]240[,27,240,300
M27 x ]250[,27,250,300
M30 x ]0[,30,0,50
M30 x ]2[,30,2,50
M30 x ]4[,30,4,55
M30 x ]6[,30,6,55
M30 x ]8[,30,8,55
M30 x ]10[,30,10,60
M30 x ]12[,30,12,60
M30 x ]14[,30,14,65
M30 x ]16[,30,16,65
M30 x ]18[,30,18,65
M30 x ]20[,30,20,70
M30 x ]22[,30,22,70
M30 x ]25[,30,25,75
M30 x ]30[,30,30,80
M30 x ]35[,30,35,85
M30 x ]40[,30,40,90
M30 x ]45[,30,45,100
M30 x ]50[,30,50,100
M30 x ]55[,30,55,110
M30 x ]60[,30,60,110
M30 x ]65[,30,65,120
M30 x ]70[,30,70,120
M30 x ]75[,30,75,130
M30 x ]80[,30,80,130
M30 x ]85[,30,85,140
M30 x ]90[,30,90,140
M30 x ]95[,30,95,150
M30 x ]100[,30,100,150
M30 x ]110[,30,110,160
M30 x ]120[,30,120,170
M30 x ]130[,30,130,180
M30 x ]140[,30,140,190
M30 x ]150[,30,150,200
M30 x ]160[,30,160,210
M30 x ]170[,30,170,220
M30 x ]180[,30,180,230
M30 x ]190[,30,190,240
M30 x ]200[,30,200,250
M30 x ]210[,30,210,260
M30 x ]220[,30,220,280
M30 x ]230[,30,230,280
M30 x ]240[,30,240,300
M30 x ]250[,30,250,300
M30 x ]260[,30,260,320
M30 x ]270[,30,270,320
M30 x ]280[,30,280,340
M30 x ]290[,30,290,340
M30 x ]300[,30,300,360
M30 x ]310[,30,310,360
M30 x ]320[,30,320,380
M30 x ]330[,30,330,380
M30 x ]340[,30,340,400
M30 x ]350[,30,350,400
M30 x ]360[,30,360,500
M30 x ]370[,30,370,500
M30 x ]380[,30,380,500
M30 x ]390[,30,390,500
M30 x ]400[,30,400,500
M30 x ]410[,30,410,500
M30 x ]420[,30,420,500
M30 x ]430[,30,430,500
M30 x ]440[,30,440,500
M30 x ]450[,30,450,500
M30 x ]460[,30,460,600
M30 x ]470[,30,470,600
M30 x ]480[,30,480,600
M30 x ]490[,30,490,600
M30 x ]500[,30,500,600
M30 x ]510[,30,510,600
M30 x ]520[,30,520,600
M30 x ]530[,30,530,600
M30 x ]540[,30,540,600
M30 x ]550[,30,550,600
M33 x ]0[,33,0,60
M33 x ]2[,33,2,60
M33 x ]4[,33,4,60
M33 x ]6[,33,6,60
M33 x ]8[,33,8,65
M33 x ]10[,33,10,65
M33 x ]12[,33,12,65
M33 x ]14[,33,14,70
M33 x ]16[,33,16,70
M33 x ]18[,33,18,75
M33 x ]20[,33,20,75
M33 x ]22[,33,22,75
M33 x ]25[,33,25,80
M33 x ]30[,33,30,90
M33 x ]35[,33,35,90
M33 x ]40[,33,40,100
M33 x ]45[,33,45,100
M33 x ]50[,33,50,110
M33 x ]55[,33,55,110
M33 x ]60[,33,60,120
M33 x ]65[,33,65,120
M33 x ]70[,33,70,130
M33 x ]75[,33,75,130
M33 x ]80[,33,80,140
M33 x ]85[,33,85,140
M33 x ]90[,33,90,150
M33 x ]95[,33,95,150
M33 x ]100[,33,100,160
M33 x ]110[,33,110,170
M33 x ]120[,33,120,180
M33 x ]130[,33,130,190
M33 x ]140[,33,140,200
M33 x ]150[,33,150,300
M33 x ]160[,33,160,300
M33 x ]170[,33,170,300
M33 x ]180[,33,180,300
M33 x ]190[,33,190,300
M33 x ]200[,33,200,300
M33 x ]210[,33,210,300
M33 x ]220[,33,220,300
M33 x ]230[,33,230,300
M33 x ]240[,33,240,300
M36 x ]0[,36,0,60
M36 x ]2[,36,2,60
M36 x ]4[,36,4,65
M36 x ]6[,36,6,65
M36 x ]8[,36,8,65
M36 x ]10[,36,10,70
M36 x ]12[,36,12,70
M36 x ]14[,36,14,75
M36 x ]16[,36,16,75
M36 x ]18[,36,18,75
M36 x ]20[,36,20,80
M36 x ]22[,36,22,80
M36 x ]25[,36,25,85
M36 x ]30[,36,30,90
M36 x ]35[,36,35,100
M36 x ]40[,36,40,100
M36 x ]45[,36,45,110
M36 x ]50[,36,50,110
M36 x ]55[,36,55,120
M36 x ]60[,36,60,120
M36 x ]65[,36,65,130
M36 x ]70[,36,70,130
M36 x ]75[,36,75,140
M36 x ]80[,36,80,140
M36 x ]85[,36,85,150
M36 x ]90[,36,90,150
M36 x ]95[,36,95,160
M36 x ]100[,36,100,160
M36 x ]110[,36,110,170
M36 x ]120[,36,120,180
M36 x ]130[,36,130,190
M36 x ]140[,36,140,200
M36 x ]150[,36,150,220
M36 x ]160[,36,160,220
M36 x ]170[,36,170,260
M36 x ]180[,36,180,260
M36 x ]190[,36,190,260
M36 x ]200[,36,200,260
M36 x ]210[,36,210,280
M36 x ]220[,36,220,280
M36 x ]230[,36,230,300
M36 x ]240[,36,240,300
M36 x ]250[,36,250,320
M36 x ]260[,36,260,320
M36 x ]270[,36,270,340
M36 x ]280[,36,280,340
M36 x ]290[,36,290,400
M36 x ]300[,36,300,400
M36 x ]310[,36,310,400
M36 x ]320[,36,320,400
M36 x ]330[,36,330,400
M36 x ]340[,36,340,400
M36 x ]350[,36,350,600
M36 x ]360[,36,360,600
M36 x ]370[,36,370,600
M36 x ]380[,36,380,600
M36 x ]390[,36,390,600
M36 x ]400[,36,400,600
M36 x ]410[,36,410,600
M36 x ]420[,36,420,600
M36 x ]430[,36,430,600
M36 x ]440[,36,440,600
M36 x ]450[,36,450,600
M36 x ]460[,36,460,600
M36 x ]470[,36,470,600
M36 x ]480[,36,480,600
M36 x ]490[,36,490,600
M36 x ]500[,36,500,600
M36 x ]510[,36,510,600
M36 x ]520[,36,520,600
M36 x ]530[,36,530,600
M36 x ]540[,36,540,600
M39 x ]0[,39,0,80
M39 x ]2[,39,2,80
M39 x ]4[,39,4,80
M39 x ]6[,39,6,80
M39 x ]8[,39,8,80
M39 x ]10[,39,10,80
M39 x ]12[,39,12,80
M39 x ]14[,39,14,80
M39 x ]16[,39,16,80
M39 x ]18[,39,18,90
M39 x ]20[,39,20,90
M39 x ]22[,39,22,90
M39 x ]25[,39,25,90
M39 x ]30[,39,30,100
M39 x ]35[,39,35,100
M39 x ]40[,39,40,110
M39 x ]45[,39,45,110
M39 x ]50[,39,50,120
M39 x ]55[,39,55,120
M39 x ]60[,39,60,130
M39 x ]65[,39,65,130
M39 x ]70[,39,70,140
M39 x ]75[,39,75,140
M39 x ]80[,39,80,150
M39 x ]85[,39,85,150
M39 x ]90[,39,90,160
M39 x ]95[,39,95,160
M39 x ]100[,39,100,180
M39 x ]110[,39,110,180
M39 x ]120[,39,120,190
M39 x ]130[,39,130,200
M42 x ]0[,42,0,70
M42 x ]2[,42,2,70
M42 x ]4[,42,4,75
M42 x ]6[,42,6,75
M42 x ]8[,42,8,75
M42 x ]10[,42,10,80
M42 x ]12[,42,12,80
M42 x ]14[,42,14,85
M42 x ]16[,42,16,85
M42 x ]18[,42,18,85
M42 x ]20[,42,20,90
M42 x ]22[,42,22,90
M42 x ]25[,42,25,100
M42 x ]30[,42,30,100
M42 x ]35[,42,35,110
M42 x ]40[,42,40,110
M42 x ]45[,42,45,120
M42 x ]50[,42,50,120
M42 x ]55[,42,55,130
M42 x ]60[,42,60,130
M42 x ]65[,42,65,140
M42 x ]70[,42,70,140
M42 x ]75[,42,75,150
M42 x ]80[,42,80,150
M42 x ]85[,42,85,160
M42 x ]90[,42,90,160
M42 x ]95[,42,95,170
M42 x ]100[,42,100,170
M42 x ]110[,42,110,180
M42 x ]120[,42,120,190
M42 x ]130[,42,130,200
M42 x ]140[,42,140,220
M42 x ]150[,42,150,220
M42 x ]160[,42,160,250
M42 x ]170[,42,170,250
M42 x ]180[,42,180,250
M42 x ]190[,42,190,260
M42 x ]200[,42,200,300
M42 x ]210[,42,210,300
M42 x ]220[,42,220,300
M42 x ]230[,42,230,300
M42 x ]240[,42,240,360
M42 x ]250[,42,250,360
M42 x ]260[,42,260,360
M42 x ]270[,42,270,360
M42 x ]280[,42,280,360
M42 x ]290[,42,290,360
M42 x ]300[,42,300,400
M42 x ]310[,42,310,400
M42 x ]320[,42,320,400
M42 x ]330[,42,330,400
M45 x ]0[,45,0,90
M45 x ]2[,45,2,90
M45 x ]4[,45,4,90
M45 x ]6[,45,6,90
M45 x ]8[,45,8,90
M45 x ]10[,45,10,90
M45 x ]12[,45,12,90
M45 x ]14[,45,14,90
M45 x ]16[,45,16,90
M45 x ]18[,45,18,90
M45 x ]20[,45,20,100
M45 x ]22[,45,22,100
M45 x ]25[,45,25,100
M45 x ]30[,45,30,110
M45 x ]35[,45,35,110
M45 x ]40[,45,40,120
M45 x ]45[,45,45,120
M45 x ]50[,45,50,130
M45 x ]55[,45,55,130
M45 x ]60[,45,60,140
M45 x ]65[,45,65,140
M45 x ]70[,45,70,150
M45 x ]75[,45,75,150
M48 x ]0[,48,0,80
M48 x ]2[,48,2,80
M48 x ]4[,48,4,90
M48 x ]6[,48,6,90
M48 x ]8[,48,8,90
M48 x ]10[,48,10,90
M48 x ]12[,48,12,90
M48 x ]14[,48,14,100
M48 x ]16[,48,16,100
M48 x ]18[,48,18,100
M48 x ]20[,48,20,100
M48 x ]22[,48,22,100
M48 x ]25[,48,25,110
M48 x ]30[,48,30,110
M48 x ]35[,48,35,120
M48 x ]40[,48,40,120
M48 x ]45[,48,45,130
M48 x ]50[,48,50,130
M48 x ]55[,48,55,140
M48 x ]60[,48,60,140
M48 x ]65[,48,65,150
M48 x ]70[,48,70,150
M48 x ]75[,48,75,160
M48 x ]80[,48,80,160
M48 x ]85[,48,85,170
M48 x ]90[,48,90,170
M48 x ]95[,48,95,180
M48 x ]100[,48,100,180
M48 x ]110[,48,110,190
M48 x ]120[,48,120,200
M48 x ]130[,48,130,420
M48 x ]140[,48,140,420
M48 x ]150[,48,150,420
M48 x ]160[,48,160,420
M48 x ]170[,48,170,420
M48 x ]180[,48,180,420
M48 x ]190[,48,190,420
M48 x ]200[,48,200,420
M48 x ]210[,48,210,420
M48 x ]220[,48,220,420
M48 x ]230[,48,230,420
M48 x ]240[,48,240,420
M48 x ]250[,48,250,420
M48 x ]260[,48,260,420
M48 x ]270[,48,270,420
M48 x ]280[,48,280,420
M48 x ]290[,48,290,420
M48 x ]300[,48,300,420
M48 x ]310[,48,310,420
M48 x ]320[,48,320,420
M48 x ]330[,48,330,420
M48 x ]340[,48,340,420
M52 x ]0[,52,0,150
M52 x ]2[,52,2,150
M52 x ]4[,52,4,150
M52 x ]6[,52,6,150
M52 x ]8[,52,8,150
M52 x ]10[,52,10,150
M52 x ]12[,52,12,150
M52 x ]14[,52,14,150
M52 x ]16[,52,16,150
M52 x ]18[,52,18,150
M52 x ]20[,52,20,150
M52 x ]22[,52,22,150
M52 x ]25[,52,25,150
M52 x ]30[,52,30,150
M52 x ]35[,52,35,150
M52 x ]40[,52,40,150
M52 x ]45[,52,45,150
M52 x ]50[,52,50,150
M52 x ]55[,52,55,150
M52 x ]60[,52,60,150
M52 x ]65[,52,65,150
M52 x ]70[,52,70,200
M52 x ]75[,52,75,200
M52 x ]80[,52,80,200
M52 x ]85[,52,85,200
M52 x ]90[,52,90,200
M52 x ]95[,52,95,200
M52 x ]100[,52,100,200
M52 x ]110[,52,110,200
M56 x ]0[,56,0,130
M56 x ]2[,56,2,130
M56 x ]4[,56,4,130
M56 x ]6[,56,6,130
M56 x ]8[,56,8,130
M56 x ]10[,56,10,130
M56 x ]12[,56,12,130
M56 x ]14[,56,14,130
M56 x ]16[,56,16,130
M56 x ]18[,56,18,130
M56 x ]20[,56,20,130
M56 x ]22[,56,22,130
M56 x ]25[,56,25,130
M56 x ]30[,56,30,130
M56 x ]35[,56,35,130
M56 x ]40[,56,40,130
M56 x ]45[,56,45,140
M56 x ]50[,56,50,140
M56 x ]55[,56,55,150
M56 x ]60[,56,60,150
M56 x ]65[,56,65,160
M56 x ]70[,56,70,160
M56 x ]75[,56,75,170
M56 x ]80[,56,80,170
M56 x ]85[,56,85,190
M56 x ]90[,56,90,190
M56 x ]95[,56,95,190
M56 x ]100[,56,100,190
M56 x ]110[,56,110,200
M56 x ]120[,56,120,220
M56 x ]130[,56,130,220
M56 x ]140[,56,140,240
M56 x ]150[,56,150,240
M56 x ]160[,56,160,250
M56 x ]170[,56,170,260
M56 x ]180[,56,180,280
M56 x ]190[,56,190,280
M56 x ]200[,56,200,300
M56 x ]210[,56,210,300
M56 x ]220[,56,220,380
M56 x ]230[,56,230,380
M56 x ]240[,56,240,380
M56 x ]250[,56,250,380
M56 x ]260[,56,260,380
M56 x ]270[,56,270,380
M56 x ]280[,56,280,380
M56 x ]290[,56,290,380
M64 x ]0[,64,0,300
M64 x ]2[,64,2,300
M64 x ]4[,64,4,300
M64 x ]6[,64,6,300
M64 x ]8[,64,8,300
M64 x ]10[,64,10,300
M64 x ]12[,64,12,300
M64 x ]14[,64,14,300
M64 x ]16[,64,16,300
M64 x ]18[,64,18,300
M64 x ]20[,64,20,300
M64 x ]22[,64,22,300
M64 x ]25[,64,25,300
M64 x ]30[,64,30,300
M64 x ]35[,64,35,300
M64 x ]40[,64,40,300
M64 x ]45[,64,45,300
M64 x ]50[,64,50,300
M64 x ]55[,64,55,300
M64 x ]60[,64,60,300
M64 x ]65[,64,65,300
M64 x ]70[,64,70,300
M64 x ]75[,64,75,300
M64 x ]80[,64,80,300
M64 x ]85[,64,85,300
M64 x ]90[,64,90,300
M64 x ]95[,64,95,300
M64 x ]100[,64,100,300
M64 x ]110[,64,110,300
M64 x ]120[,64,120,300
M64 x ]130[,64,130,300
M64 x ]140[,64,140,300
M64 x ]150[,64,150,300
M64 x ]160[,64,160,300
M64 x ]170[,64,170,300
M64 x ]180[,64,180,300
M64 x ]190[,64,190,300
M64 x ]200[,64,200,300
